{"cameraMode":{"drawMode":0,"name":"Shaded","section":"Shading Mode"},"sceneLighting":false,"audioPlay":false,"sceneViewState":{"m_AlwaysRefresh":false,"showFog":true,"showSkybox":false,"showFlares":true,"showImageEffects":true,"showParticleSystems":true,"showVisualEffectGraphs":true,"m_FxEnabled":true},"in2DMode":false,"pivot":{"x":-0.018055476248264314,"y":0.018665987998247148,"z":1.379370927810669},"rotation":{"x":-0.12320417165756226,"y":0.6612785458564758,"z":-0.11131364107131958,"w":-0.7315702438354492},"size":1.972238540649414,"orthographic":false}