{"cameraMode":{"drawMode":0,"name":"Shaded","section":"Shading Mode"},"sceneLighting":false,"audioPlay":false,"sceneViewState":{"m_AlwaysRefresh":false,"showFog":true,"showSkybox":false,"showFlares":true,"showImageEffects":true,"showParticleSystems":true,"showVisualEffectGraphs":true,"m_FxEnabled":true},"in2DMode":false,"pivot":{"x":-0.018055476248264314,"y":0.018665984272956849,"z":1.379370927810669},"rotation":{"x":-0.028177348896861078,"y":0.02792576141655445,"z":0.0007448596297763288,"w":0.9992491006851196},"size":1.3868486881256104,"orthographic":false}